ks,p,ll
0.014763103200034156,1.0,612.9359833077647
0.014763103200034156,1.0,34.6880776464357
0.014763103200034156,1.0,0.0034265560750096347
0.014763103200034156,1.0,0.0
0.014763103200034156,1.0,
