ks,p,ll
0.08778158906919586,0.6742,343.71285305297613
0.08778158906919586,0.6742,40.09225435642843
0.08778158906919586,0.6742,0.0002641669916496614
0.08778158906919586,0.6742,1817.9463981120757
0.08778158906919586,0.6742,0.00030404393914684746
