ks,p,ll
0.07666683113869294,0.9603,1091.5225909583949
0.07666683113869294,0.9603,91.05665349742115
0.07666683113869294,0.9603,6.908121852333693e-10
0.07666683113869294,0.9603,2001.0532727705172
0.07666683113869294,0.9603,0.0002469690082282927
