ks,p,ll
0.02159429673548585,1.0,991.3360685845222
0.02159429673548585,1.0,177.8519030891654
0.02159429673548585,1.0,1.1102230246251565e-15
0.02159429673548585,1.0,664.9679740235309
0.02159429673548585,1.0,0.03832542309235043
